<?xml version="1.0" encoding="UTF-8"?>
<beans xmlns="http://www.springframework.org/schema/beans" 
       xmlns:xsi="http://www.w3.org/2001/XMLSchema-instance" 
       xmlns:jdbc="http://www.springframework.org/schema/jdbc"
       xmlns:mvc="http://www.springframework.org/schema/mvc"
       xsi:schemaLocation="http://www.springframework.org/schema/jdbc 
        http://www.springframework.org/schema/jdbc/spring-jdbc-3.2.xsd
        http://www.springframework.org/schema/beans 
        http://www.springframework.org/schema/beans/spring-beans.xsd
            http://www.springframework.org/schema/mvc
            http://www.springframework.org/schema/mvc/spring-mvc-4.0.xsd">
 <!--
    <jdbc:embedded-database id="dataSource">
        <jdbc:script location="/META-INF/schema.sql" />
        <jdbc:script location="/META-INF/test-data.sql" />
    </jdbc:embedded-database>

--> 
    <bean id="dataSource" class="org.apache.commons.dbcp.BasicDataSource">
        <property name="driverClassName" value="org.hsqldb.jdbcDriver"/>
        <property name="url" value="jdbc:hsqldb:hsql:/localhost/test"/>
        <property name="username" value="A"/>
        <property name="password" value=""/>
        <property name="initialSize" value="10"/>
        <property name="testOnBorrow" value="true"/>
        
    </bean>
    
    
    <jdbc:initialize-database data-source="dataSource" ignore-failures="ALL">
        <jdbc:script execution="INIT" location="/META-INF/schema.sql" />
        <jdbc:script execution="INIT" location="/META-INF/test-data.sql" />
    </jdbc:initialize-database>

    <bean name="EventDAOImp" class="master.cpsc476.dao.EventDAOImp" >
          <property name="dataSource" ref="dataSource" />
    </bean>
    <bean name="UserDAOImp" class="master.cpsc476.dao.UserDAOImp" >
          <property name="dataSource" ref="dataSource" />
    </bean>

</beans>