<?xml version="1.0" encoding="UTF-8"?>
<beans xmlns="http://www.springframework.org/schema/beans"
       xmlns:xsi="http://www.w3.org/2001/XMLSchema-instance"
       xmlns:mvc="http://www.springframework.org/schema/mvc"
       xmlns:context="http://www.springframework.org/schema/context"
       xmlns:jdbc="http://www.springframework.org/schema/jdbc"
       xmlns:tx="http://www.springframework.org/schema/tx"
       xsi:schemaLocation="http://www.springframework.org/schema/beans
            http://www.springframework.org/schema/beans/spring-beans.xsd
            http://www.springframework.org/schema/mvc
            http://www.springframework.org/schema/mvc/spring-mvc.xsd
            http://www.springframework.org/schema/context
            http://www.springframework.org/schema/context/spring-context.xsd
            http://www.springframework.org/schema/jdbc 
            http://www.springframework.org/schema/jdbc/spring-jdbc.xsd
            http://www.springframework.org/schema/tx
            http://www.springframework.org/schema/tx/spring-tx.xsd">


 <bean id="persistenceUnitManager" 
       class="org.springframework.orm.jpa.persistenceunit.DefaultPersistenceUnitManager">
    <property name="persistenceXmlLocations">
        <list>
            <value>classpath*:META-INF/persistence.xml</value>
        </list>
    </property>
</bean>

<bean id="entityManagerFactory" class=
       "org.springframework.orm.jpa.LocalContainerEntityManagerFactoryBean">  
    <property name="persistenceUnitManager" ref="persistenceUnitManager"/>
</bean>
 
<!-- Add Transaction support -->
<bean id="myTxManager"
        class="org.springframework.orm.jpa.JpaTransactionManager">
    <property name="entityManagerFactory" ref="entityManagerFactory"/>
</bean>
 
<!-- Use @Transaction annotations for managing transactions -->
<tx:annotation-driven transaction-manager="myTxManager" />
 
 
 
    <mvc:annotation-driven />
    <context:component-scan base-package="master.cpsc476" />
    
    <bean name="UserDAOImp" class="master.cpsc476.dao.UserDAOImp" />
    <bean name="EventDAOImp" class="master.cpsc476.dao.EventDAOImp" />
  
    

    <bean id="viewResolver"
    	      class="org.springframework.web.servlet.view.InternalResourceViewResolver" >
              <property name="prefix">
                  <value>/WEB-INF/jsp/</value>
               </property>
              <property name="suffix">
                 <value>.jsp</value>
              </property>
        </bean>
    
</beans>
